[
    {
        "id" : "skill-1-1",
        "number": "2005 - 2006",
        "title": "Graphic Designer",
        "description": "Photography is the art, application and practice of creating durable images by recording..."
    },
    {
        "id" : "skill-1-2",
        "number": "2006 - 2009",
        "title": "Graphic Design",
        "description": "Graphic design is the process of visual communication and problem-solving..."
    },
    {
        "id" : "skill-1-3",
        "number": "2009 - 2010",
        "title": "Mobile App Developer",
        "description": "Photography is the art, application and practice of creating durable images by recording..."
    },
    {
        "id" : "skill-1-4",
        "number": "2010 - 2012",
        "title": "Junior Ui/Ux Designer",
        "description": "Photography is the art, application and practice of creating durable images by recording..."
    },
    {
        "id" : "skill-1-5",
        "number": "2012 - 2016",
        "title": "Senior Ui/Ux Designer",
        "description": "Photography is the art, application and practice of creating durable images by recording..."
    },
    {
        "id" : "skill-1-6",
        "number": "2016 - Current",
        "title": "Lead Ui/Ux Designer",
        "description": "Photography is the art, application and practice of creating durable images by recording..."
    }
]