{
    "id": "project-05",
    "title": "The Mountain",
    "category": "Design",
    "client": "Arloko Corp",
    "imgesBY": "Draxler",
    "year": "2009 - 2019",
    "featured_image": "./images/project-05.jpg",
    "is_featured": true,
    "body": [
        "There are many variations of passages of Lorem Ipsum available, but the majority have suffered alteration in some form, by injected humour, or randomised words which don't look even slightly believable. If you are going to use a passage of Lorem Ipsum, you need to be sure there isn't anything embarrassing hidden in the middle of text."
    ],
    "features": [
        {
            "id": "feature-1",
            "image": "./images/project-02.jpg"
        },
        {
            "id": "feature-2",
            "image": "./images/project-03.jpg"
        }
    ]

}